

<feed xmlns="http://www.w3.org/2005/Atom">
  <id>http://localhost:4000/</id>
  <title>Dhruvil</title>
  <subtitle>A blog where I discuss about my achievments , profession and research</subtitle>
  <updated>2024-04-13T23:53:42+08:00</updated>
  <author>
    <name>Dhruvil Malvania</name>
    <uri>http://localhost:4000/</uri>
  </author>
  <link rel="self" type="application/atom+xml" href="http://localhost:4000/feed.xml"/>
  <link rel="alternate" type="text/html" hreflang="en"
    href="http://localhost:4000/"/>
  <generator uri="https://jekyllrb.com/" version="4.3.3">Jekyll</generator>
  <rights> © 2024 Dhruvil Malvania </rights>
  <icon>/assets/img/favicons/favicon.ico</icon>
  <logo>/assets/img/favicons/favicon-96x96.png</logo>


  
  <entry>
    <title>Learning R Programming</title>
    <link href="http://localhost:4000/posts/Learning-R-Programming/" rel="alternate" type="text/html" title="Learning R Programming" />
    <published>2024-04-12T11:14:00+08:00</published>
  
    <updated>2024-04-12T11:14:00+08:00</updated>
  
    <id>http://localhost:4000/posts/Learning-R-Programming/</id>
    <content src="http://localhost:4000/posts/Learning-R-Programming/" />
    <author>
      <name>Dhruvil Malvania</name>
    </author>

  
    
    <category term="Learning R Programming" />
    
  

  
    <summary>
      





      Introduction to R Programming






R is a powerful programming language and environment primarily used for statistical computing and graphics. It was developed by Ross Ihaka and Robert Gentleman at the University of Auckland, New Zealand, in the early 1990s. Since then, it has gained widespread popularity in both academia and industry due to its robust statistical capabilities and its vibrant ...
    </summary>
  

  </entry>

  
  <entry>
    <title>My Learning Journey</title>
    <link href="http://localhost:4000/posts/My-Learning-Journey/" rel="alternate" type="text/html" title="My Learning Journey" />
    <published>2024-01-12T13:15:00+08:00</published>
  
    <updated>2024-01-12T13:15:00+08:00</updated>
  
    <id>http://localhost:4000/posts/My-Learning-Journey/</id>
    <content src="http://localhost:4000/posts/My-Learning-Journey/" />
    <author>
      <name>Dhruvil Malvania</name>
    </author>

  
    
    <category term="My_Learning_Journey" />
    
  

  
    <summary>
      





      As a lifelong learner, I am constantly expanding my knowledge in areas such as:

Programming Languages: Proficient in the languages; Python and R.

Data Manipulation: Skilled in cleaning, transforming, and visualizing data using tools like Numpy , Pandas , Matplotlib and Seaborn.

Machine Learning: Exploring the world of algorithms, predictive modeling, and classification.

Data Analysis: Apply...
    </summary>
  

  </entry>

  
  <entry>
    <title>Introduction</title>
    <link href="http://localhost:4000/posts/Introduction/" rel="alternate" type="text/html" title="Introduction" />
    <published>2024-01-12T11:14:00+08:00</published>
  
    <updated>2024-01-12T11:14:00+08:00</updated>
  
    <id>http://localhost:4000/posts/Introduction/</id>
    <content src="http://localhost:4000/posts/Introduction/" />
    <author>
      <name>Dhruvil Malvania</name>
    </author>

  
    
    <category term="Introduction" />
    
  

  
    <summary>
      





      Welcome to my profile ~ Dhruvil Malvania



Check out my blog at https://dhruvil.github.io/!

About Me
I am Dhruvil Malvania , a student at GIT , living in India IN .

In my free time , I like to learn more about Data Science . I usually spend time in researching about Graph Analysis , Statistics and Probabilities . I actually am a Beginner in this field so I don’t have more idea what to write ...
    </summary>
  

  </entry>

</feed>


